caseID,activity,startTime,endTime,
101,A,10:19:22 PM,10:19:23 PM,
101,B,10:19:22 PM,10:26:03 PM,
101,C,10:20:30 PM,10:20:45 PM,
101,C,10:20:32 PM,10:20:57 PM,
101,D,10:21:10 PM,10:21:11 PM,
101,C,10:21:56 PM,10:22:53 PM,
101,C,10:25:09 PM,10:25:16 PM,
101,E,10:25:21 PM,10:25:30 PM,
101,F,10:26:05 PM,10:28:54 PM,
101,C,10:26:11 PM,10:26:28 PM,
101,G,10:26:41 PM,10:26:42 PM,
101,H,10:27:12 PM,10:27:24 PM,
101,I,10:27:38 PM,10:27:54 PM,
101,F,10:29:14 PM,10:29:17 PM,
101,J,10:29:41 PM,10:30:13 PM,
101,K,10:33:40 PM,10:35:26 PM,
102,A,10:51:20 AM,10:51:21 AM,
102,C,10:51:39 AM,10:51:51 AM,
102,D,10:51:54 AM,10:51:55 AM,
102,C,10:52:16 AM,10:52:25 AM,
102,F,10:52:24 AM,10:58:20 AM,
102,D,10:52:47 AM,10:52:48 AM,
102,C,10:57:15 AM,10:57:23 AM,
102,B,10:58:22 AM,10:59:20 AM,
102,C,10:59:01 AM,10:59:21 AM,
102,C,10:59:12 AM,10:59:18 AM,
102,F,10:59:23 AM,11:08:31 AM,
102,C,11:02:14 AM,11:02:25 AM,
102,L,11:03:07 AM,11:03:08 AM,
102,G,11:05:37 AM,11:05:38 AM,
102,H,11:06:40 AM,11:06:52 AM,
102,H,11:06:57 AM,11:07:03 AM,
102,I,11:07:16 AM,11:07:19 AM,
102,J,11:08:37 AM,11:09:32 AM,
102,K,11:14:56 AM,11:17:21 AM,
103,A,9:05:25 PM,9:05:26 PM,
103,B,9:05:25 PM,9:06:42 PM,
103,C,9:06:19 PM,9:06:28 PM,
103,E,9:06:31 PM,9:06:35 PM,
103,B,9:06:53 PM,9:14:00 PM,
103,C,9:13:26 PM,9:13:41 PM,
103,F,9:14:05 PM,9:14:39 PM,
103,B,9:14:44 PM,9:28:49 PM,
103,E,9:14:53 PM,9:14:55 PM,
103,C,9:17:49 PM,9:18:25 PM,
103,C,9:19:40 PM,9:20:10 PM,
103,L,9:27:51 PM,9:27:52 PM,
103,F,9:29:12 PM,9:51:45 PM,
103,D,9:30:50 PM,9:31:51 PM,
103,C,9:38:59 PM,9:39:07 PM,
103,G,9:48:58 PM,9:48:59 PM,
103,M,9:49:49 PM,9:49:55 PM,
103,H,9:50:19 PM,9:50:22 PM,
103,I,9:50:38 PM,9:50:41 PM,
103,J,9:51:58 PM,9:52:18 PM,
103,K,10:00:44 PM,10:03:26 PM,
104,A,1:08:56 AM,1:08:57 AM,
104,F,1:08:56 AM,1:15:23 AM,
104,L,1:10:04 AM,1:10:05 AM,
104,N,1:11:05 AM,1:11:06 AM,
104,D,1:11:21 AM,1:11:22 AM,
104,F,1:15:36 AM,1:16:34 AM,
104,F,1:16:59 AM,1:18:24 AM,
104,F,1:18:48 AM,1:21:56 AM,
104,D,1:18:52 AM,1:18:53 AM,
104,G,1:19:01 AM,1:19:02 AM,
104,H,1:20:48 AM,1:20:58 AM,
104,I,1:21:01 AM,1:21:03 AM,
104,J,1:22:01 AM,1:22:21 AM,
104,R,1:23:44 AM,1:26:38 AM,
107,A,11:51:04 AM,11:51:05 AM,
107,B,11:51:04 AM,11:59:39 AM,
107,L,11:52:16 AM,11:52:17 AM,
107,E,11:52:57 AM,11:52:58 AM,
107,H,11:55:50 AM,11:56:34 AM,
107,G,11:57:39 AM,11:57:40 AM,
107,I,11:59:19 AM,11:59:24 AM,
107,F,11:59:52 AM,12:00:28 PM,
107,J,12:00:39 PM,12:01:58 PM,
107,K,12:09:41 PM,12:10:55 PM,
108,A,1:53:19 PM,1:53:20 PM,
108,F,1:53:19 PM,1:55:18 PM,
108,C,1:54:14 PM,1:54:31 PM,
108,F,1:55:38 PM,1:59:46 PM,
108,L,1:55:53 PM,1:55:54 PM,
108,E,1:56:26 PM,1:56:29 PM,
108,P,1:56:30 PM,1:56:31 PM,
108,C,1:56:35 PM,1:56:38 PM,
108,D,1:56:40 PM,1:56:41 PM,
108,C,1:56:48 PM,1:56:59 PM,
108,C,1:57:05 PM,1:57:09 PM,
108,C,1:59:38 PM,1:59:40 PM,
108,C,2:00:50 PM,2:01:00 PM,
108,G,2:02:03 PM,2:02:04 PM,
108,H,2:02:11 PM,2:02:21 PM,
108,E,2:02:22 PM,2:02:29 PM,
108,F,2:02:31 PM,2:04:54 PM,
108,H,2:02:42 PM,2:02:53 PM,
108,C,2:03:00 PM,2:03:46 PM,
108,D,2:03:31 PM,2:03:32 PM,
108,C,2:04:23 PM,2:04:34 PM,
108,J,2:05:03 PM,,
108,R,2:08:41 PM,2:10:40 PM,
109,A,3:37:20 AM,3:37:21 AM,
109,B,3:37:20 AM,3:40:01 AM,
109,C,3:37:43 AM,3:38:12 AM,
109,C,3:38:04 AM,3:38:13 AM,
109,B,3:41:10 AM,3:49:20 AM,
109,E,3:41:37 AM,3:41:42 AM,
109,C,3:44:24 AM,3:44:30 AM,
109,C,3:48:39 AM,3:48:57 AM,
109,D,3:52:32 AM,3:52:33 AM,
109,C,3:52:33 AM,3:52:54 AM,
109,L,3:52:48 AM,3:52:49 AM,
109,D,3:52:56 AM,3:52:57 AM,
109,B,3:55:08 AM,3:58:43 AM,
109,D,3:55:14 AM,3:55:27 AM,
109,C,3:58:45 AM,3:59:16 AM,
109,C,4:00:02 AM,4:00:13 AM,
109,G,4:04:05 AM,4:04:06 AM,
109,F,4:05:06 AM,4:06:58 AM,
109,H,4:05:11 AM,4:05:25 AM,
109,M,4:05:35 AM,4:05:44 AM,
109,I,4:05:58 AM,4:06:10 AM,
109,D,4:06:33 AM,4:06:35 AM,
109,C,4:06:49 AM,4:06:53 AM,
109,J,4:07:05 AM,4:07:29 AM,
109,K,4:11:03 AM,4:14:15 AM,
111,A,11:16:09 AM,11:16:10 AM,
111,C,11:17:19 AM,11:17:26 AM,
111,E,11:17:20 AM,11:17:21 AM,
111,E,11:19:02 AM,11:19:07 AM,
111,P,11:19:07 AM,11:19:08 AM,
111,C,11:19:59 AM,11:20:02 AM,
111,B,11:20:48 AM,11:27:05 AM,
111,L,11:23:26 AM,11:23:27 AM,
111,N,11:23:31 AM,11:23:32 AM,
111,G,11:26:39 AM,11:26:40 AM,
111,F,11:27:09 AM,11:29:34 AM,
111,H,11:27:30 AM,11:28:15 AM,
111,I,11:28:23 AM,11:28:30 AM,
111,C,11:28:49 AM,11:28:52 AM,
111,J,11:29:39 AM,11:30:13 AM,
111,K,11:31:33 AM,11:34:07 AM,
112,A,6:55:26 PM,6:55:27 PM,
112,B,6:55:26 PM,7:08:21 PM,
112,P,6:56:35 PM,6:56:36 PM,
112,E,6:57:16 PM,6:57:18 PM,
112,E,6:59:20 PM,6:59:21 PM,
112,L,6:59:58 PM,6:59:59 PM,
112,G,7:05:26 PM,7:05:27 PM,
112,H,7:05:55 PM,7:06:08 PM,
112,H,7:07:32 PM,7:07:44 PM,
112,I,7:07:51 PM,7:07:57 PM,
112,J,7:08:26 PM,7:09:12 PM,
112,K,7:10:39 PM,7:12:33 PM,
114,A,1:58:11 PM,1:58:12 PM,
114,F,1:58:11 PM,2:03:49 PM,
114,P,1:59:37 PM,1:59:40 PM,
114,C,1:59:38 PM,1:59:58 PM,
114,D,1:59:40 PM,1:59:44 PM,
114,B,2:04:08 PM,2:32:42 PM,
114,C,2:06:25 PM,2:06:34 PM,
114,E,2:16:08 PM,2:16:09 PM,
114,P,2:16:09 PM,2:16:10 PM,
114,E,2:17:46 PM,2:17:47 PM,
114,C,2:22:30 PM,2:22:41 PM,
114,C,2:27:51 PM,2:28:00 PM,
114,C,2:29:23 PM,2:29:30 PM,
114,L,2:32:19 PM,2:32:20 PM,
114,F,2:32:55 PM,2:42:25 PM,
114,N,2:33:00 PM,2:33:01 PM,
114,M,2:38:18 PM,2:38:28 PM,
114,H,2:38:36 PM,2:38:40 PM,
114,G,2:39:35 PM,2:39:36 PM,
114,J,2:42:35 PM,2:43:15 PM,
114,K,2:43:01 PM,2:47:27 PM,
116,A,7:58:47 PM,7:58:48 PM,
116,B,7:58:47 PM,8:09:28 PM,
116,C,8:04:28 PM,8:04:57 PM,
116,D,8:04:37 PM,8:04:38 PM,
116,L,8:05:37 PM,8:05:38 PM,
116,N,8:05:37 PM,8:05:38 PM,
116,H,8:07:44 PM,8:09:42 PM,
116,F,8:09:37 PM,8:13:45 PM,
116,H,8:10:15 PM,8:10:53 PM,
116,G,8:10:50 PM,8:10:51 PM,
116,I,8:12:12 PM,8:12:34 PM,
116,J,8:13:50 PM,8:14:33 PM,
116,K,8:19:58 PM,8:20:58 PM,
117,A,6:03:52 PM,6:03:53 PM,
117,B,6:06:17 PM,6:32:38 PM,
117,H,6:07:53 PM,6:08:32 PM,
117,E,6:10:17 PM,6:10:18 PM,
117,C,6:10:41 PM,6:10:45 PM,
117,H,6:13:56 PM,6:14:39 PM,
117,C,6:21:52 PM,6:22:30 PM,
117,F,6:32:44 PM,6:41:25 PM,
117,N,6:33:20 PM,6:33:21 PM,
117,L,6:33:33 PM,6:33:34 PM,
117,D,6:34:56 PM,6:34:57 PM,
117,H,6:37:18 PM,6:37:42 PM,
117,G,6:38:31 PM,6:38:32 PM,
117,I,6:40:12 PM,6:40:20 PM,
117,J,6:41:31 PM,6:42:11 PM,
117,K,6:43:01 PM,6:44:29 PM,
120,A,8:43:46 AM,8:43:47 AM,
120,B,8:43:46 AM,8:47:05 AM,
120,L,8:44:46 AM,8:44:47 AM,
120,F,8:47:12 AM,8:47:30 AM,
120,F,8:48:13 AM,8:56:40 AM,
120,N,8:48:41 AM,8:48:42 AM,
120,H,8:49:48 AM,8:49:57 AM,
120,G,8:53:45 AM,8:53:46 AM,
120,M,8:53:50 AM,8:54:00 AM,
120,H,8:55:12 AM,8:55:23 AM,
120,I,8:56:07 AM,8:56:17 AM,
120,J,8:56:45 AM,8:57:25 AM,
120,K,8:58:49 AM,9:01:48 AM,
121,A,8:43:44 PM,8:43:45 PM,
121,B,8:45:33 PM,8:58:37 PM,
121,C,8:57:20 PM,8:57:47 PM,
121,D,8:57:37 PM,8:57:38 PM,
121,F,8:58:42 PM,9:14:42 PM,
121,C,9:00:06 PM,9:00:20 PM,
121,C,9:00:47 PM,9:00:52 PM,
121,P,9:02:04 PM,9:02:05 PM,
121,D,9:02:05 PM,9:02:06 PM,
121,D,9:05:08 PM,9:05:09 PM,
121,D,9:07:03 PM,9:07:04 PM,
121,L,9:07:29 PM,9:07:30 PM,
121,C,9:09:35 PM,9:10:05 PM,
121,G,9:11:56 PM,9:11:57 PM,
121,H,9:12:34 PM,9:12:50 PM,
121,H,9:13:46 PM,9:13:51 PM,
121,I,9:14:09 PM,9:14:14 PM,
121,J,9:14:56 PM,9:15:17 PM,
121,K,9:16:25 PM,9:17:49 PM,
122,A,12:52:24 PM,12:52:25 PM,
122,B,12:52:24 PM,12:58:33 PM,
122,C,12:54:28 PM,12:55:03 PM,
122,C,12:54:43 PM,12:54:50 PM,
122,L,12:58:22 PM,12:58:23 PM,
122,F,12:58:42 PM,1:02:10 PM,
122,D,12:58:53 PM,12:58:54 PM,
122,G,12:59:19 PM,12:59:20 PM,
122,N,1:01:02 PM,1:01:03 PM,
122,H,1:01:29 PM,1:01:34 PM,
122,I,1:01:43 PM,1:01:51 PM,
122,J,1:02:19 PM,1:02:35 PM,
122,K,1:03:33 PM,1:03:57 PM,
123,A,9:46:03 AM,9:46:04 AM,
123,E,9:46:21 AM,9:46:28 AM,
123,B,9:46:34 AM,9:52:03 AM,
123,C,9:47:12 AM,9:47:32 AM,
123,C,9:47:15 AM,9:47:37 AM,
123,P,9:48:33 AM,9:48:34 AM,
123,E,9:48:37 AM,9:48:39 AM,
123,D,9:48:50 AM,9:48:51 AM,
123,C,9:48:55 AM,9:49:01 AM,
123,C,9:51:56 AM,9:52:40 AM,
123,F,9:52:08 AM,9:55:21 AM,
123,D,9:53:56 AM,9:53:57 AM,
123,B,9:56:26 AM,10:02:59 AM,
123,P,9:57:59 AM,9:58:00 AM,
123,C,10:02:31 AM,10:02:51 AM,
123,C,10:03:00 AM,10:04:06 AM,
123,F,10:03:06 AM,10:03:58 AM,
123,P,10:03:20 AM,10:03:21 AM,
123,D,10:03:46 AM,10:03:47 AM,
123,B,10:03:59 AM,10:04:56 AM,
123,D,10:04:01 AM,10:04:02 AM,
123,B,10:05:24 AM,10:07:48 AM,
123,C,10:06:29 AM,10:07:07 AM,
123,L,10:07:38 AM,10:07:39 AM,
123,D,10:07:39 AM,10:07:40 AM,
123,F,10:07:54 AM,10:13:39 AM,
123,C,10:10:13 AM,10:10:43 AM,
123,C,10:11:37 AM,10:11:49 AM,
123,B,10:13:49 AM,10:16:37 AM,
123,E,10:16:27 AM,10:16:40 AM,
123,G,10:16:59 AM,10:17:00 AM,
123,H,10:19:19 AM,10:19:23 AM,
123,I,10:19:27 AM,10:19:37 AM,
123,F,10:19:38 AM,10:19:52 AM,
123,C,10:19:58 AM,10:21:00 AM,
123,J,10:19:59 AM,10:20:15 AM,
123,K,10:22:18 AM,10:24:04 AM,
124,A,9:19:47 AM,9:19:48 AM,
124,C,9:20:28 AM,9:20:42 AM,
124,B,9:22:05 AM,9:31:16 AM,
124,E,9:23:48 AM,9:23:50 AM,
124,P,9:23:50 AM,9:23:51 AM,
124,N,9:24:15 AM,9:24:16 AM,
124,L,9:24:24 AM,9:24:25 AM,
124,G,9:28:27 AM,9:28:29 AM,
124,H,9:30:41 AM,9:30:52 AM,
124,I,9:31:06 AM,9:31:10 AM,
124,F,9:31:20 AM,9:31:25 AM,
124,J,9:31:27 AM,9:31:43 AM,
124,K,9:37:02 AM,9:38:34 AM,
125,A,10:09:23 PM,10:09:24 PM,
125,L,10:10:08 PM,10:10:09 PM,
125,E,10:13:20 PM,10:13:21 PM,
125,P,10:13:30 PM,10:13:31 PM,
125,M,10:15:14 PM,10:15:44 PM,
125,G,10:16:26 PM,10:16:27 PM,
125,H,10:17:43 PM,10:17:51 PM,
125,I,10:18:18 PM,10:18:24 PM,
125,F,10:18:30 PM,10:19:11 PM,
125,J,10:19:26 PM,10:20:00 PM,
125,K,10:20:02 PM,10:23:12 PM,
126,A,11:05:00 PM,11:05:01 PM,
126,B,11:05:19 PM,11:18:32 PM,
126,E,11:05:31 PM,11:05:36 PM,
126,C,11:09:52 PM,11:10:03 PM,
126,E,11:10:07 PM,11:10:34 PM,
126,E,11:15:10 PM,,
126,L,11:16:09 PM,11:16:10 PM,
126,B,11:20:24 PM,11:23:06 PM,
126,P,11:21:27 PM,11:21:28 PM,
126,N,11:21:42 PM,11:21:43 PM,
126,G,11:22:01 PM,11:22:02 PM,
126,F,11:23:13 PM,11:23:52 PM,
126,H,11:23:23 PM,11:23:31 PM,
126,I,11:23:34 PM,11:23:37 PM,
126,E,11:23:59 PM,11:24:12 PM,
126,F,11:24:14 PM,11:24:57 PM,
126,J,11:25:01 PM,11:25:32 PM,
126,K,11:27:30 PM,11:29:10 PM,
127,A,1:44:45 PM,1:44:46 PM,
127,B,1:44:45 PM,1:59:57 PM,
127,D,1:45:23 PM,1:45:25 PM,
127,C,1:46:48 PM,1:47:08 PM,
127,D,1:48:55 PM,1:48:56 PM,
127,C,1:53:04 PM,1:53:10 PM,
127,G,1:59:04 PM,1:59:05 PM,
127,F,2:00:03 PM,2:01:51 PM,
127,N,2:00:25 PM,2:00:26 PM,
127,H,2:00:55 PM,2:01:05 PM,
127,I,2:01:10 PM,2:01:17 PM,
127,J,2:02:04 PM,2:03:01 PM,
127,K,2:04:30 PM,2:05:42 PM,
130,A,12:54:20 PM,12:54:21 PM,
130,E,12:54:33 PM,12:54:36 PM,
130,F,12:54:38 PM,1:06:39 PM,
130,D,12:55:42 PM,12:55:45 PM,
130,L,12:55:52 PM,12:55:53 PM,
130,C,12:56:35 PM,12:56:45 PM,
130,C,12:58:47 PM,12:58:52 PM,
130,D,1:00:25 PM,1:00:27 PM,
130,G,1:03:39 PM,1:03:40 PM,
130,D,1:05:19 PM,1:05:21 PM,
130,H,1:06:00 PM,1:06:03 PM,
130,H,1:06:07 PM,1:06:09 PM,
130,I,1:06:12 PM,1:06:15 PM,
130,J,1:06:49 PM,1:07:15 PM,
130,K,1:12:44 PM,1:13:22 PM,
131,I,2:00:03 PM,3:00:07 PM,
131,A,2:52:28 PM,2:52:29 PM,
131,E,2:55:08 PM,2:55:10 PM,
131,N,2:56:34 PM,2:56:34 PM,
131,G,2:57:36 PM,2:57:37 PM,
131,F,2:57:43 PM,3:00:27 PM,
131,H,2:59:26 PM,2:59:36 PM,
131,J,3:00:36 PM,3:00:52 PM,
131,K,3:05:01 PM,3:05:33 PM,
133,A,9:16:16 AM,9:16:17 AM,
133,B,9:16:16 AM,9:17:27 AM,
133,E,9:16:50 AM,9:16:58 AM,
133,C,9:17:53 AM,9:18:33 AM,
133,D,9:18:46 AM,9:18:47 AM,
133,B,9:18:54 AM,9:35:38 AM,
133,C,9:20:35 AM,9:22:07 AM,
133,C,9:23:35 AM,9:23:45 AM,
133,F,9:25:48 AM,9:41:27 AM,
133,E,9:25:55 AM,9:25:57 AM,
133,C,9:26:30 AM,9:27:19 AM,
133,D,9:27:26 AM,9:27:32 AM,
133,C,9:27:29 AM,9:27:40 AM,
133,C,9:29:39 AM,9:29:46 AM,
133,C,9:30:48 AM,,
133,C,9:31:52 AM,9:32:03 AM,
133,D,9:33:00 AM,9:33:07 AM,
133,C,9:34:38 AM,9:35:06 AM,
133,C,9:36:29 AM,9:36:47 AM,
133,C,9:36:31 AM,9:37:00 AM,
133,L,9:37:08 AM,9:37:09 AM,
133,D,9:37:19 AM,9:37:20 AM,
133,H,9:37:48 AM,9:37:50 AM,
133,H,9:38:06 AM,9:38:13 AM,
133,G,9:38:34 AM,9:38:35 AM,
133,D,9:39:24 AM,9:39:25 AM,
133,C,9:39:35 AM,9:39:42 AM,
133,I,9:40:28 AM,9:40:31 AM,
133,J,9:41:34 AM,9:42:00 AM,
133,K,9:43:27 AM,9:44:13 AM,
201,A,2:09:50 AM,2:09:51 AM,
201,B,2:09:50 AM,2:25:48 AM,
201,C,2:10:14 AM,2:10:22 AM,
201,C,2:11:03 AM,2:11:39 AM,
201,C,2:11:10 AM,2:11:33 AM,
201,L,2:12:37 AM,2:12:38 AM,
201,C,2:18:14 AM,2:18:17 AM,
201,C,2:18:34 AM,2:18:42 AM,
201,C,2:21:55 AM,2:22:10 AM,
201,D,2:22:50 AM,2:22:51 AM,
201,C,2:24:11 AM,2:24:21 AM,
201,F,2:25:49 AM,,
201,C,2:26:43 AM,2:26:57 AM,
201,G,2:26:47 AM,2:26:48 AM,
201,H,2:27:32 AM,2:27:45 AM,
201,I,2:27:57 AM,2:28:02 AM,
201,J,2:29:47 AM,2:30:10 AM,
201,K,2:34:37 AM,2:36:53 AM,
202,A,5:12:30 AM,5:12:31 AM,
202,F,5:12:30 AM,5:20:28 AM,
202,L,5:14:16 AM,5:14:17 AM,
202,N,5:16:32 AM,5:16:33 AM,
202,G,5:17:53 AM,5:17:54 AM,
202,H,5:19:17 AM,5:19:23 AM,
202,I,5:19:30 AM,5:19:32 AM,
202,J,5:20:53 AM,5:21:11 AM,
202,K,5:22:50 AM,5:24:16 AM,
203,A,5:02:29 PM,5:02:30 PM,
203,F,5:02:29 PM,5:02:45 PM,
203,F,5:02:55 PM,5:03:37 PM,
203,C,5:03:51 PM,5:03:56 PM,
203,F,5:04:15 PM,5:07:45 PM,
203,C,5:08:33 PM,5:08:46 PM,
203,C,5:11:10 PM,5:11:15 PM,
203,L,5:11:59 PM,5:12:00 PM,
203,N,5:33:25 PM,5:33:50 PM,
203,M,5:33:47 PM,5:33:53 PM,
203,F,5:33:51 PM,5:35:19 PM,
203,C,5:33:58 PM,5:33:26 PM,
203,G,5:34:06 PM,5:34:07 PM,
203,H,5:34:37 PM,5:34:53 PM,
203,F,5:36:01 PM,5:37:03 PM,
203,H,5:36:02 PM,5:36:05 PM,
203,J,5:37:06 PM,5:38:23 PM,
203,K,5:46:45 PM,5:48:35 PM,
204,A,7:08:54 PM,7:08:55 PM,
204,E,7:09:55 PM,7:09:57 PM,
204,D,7:09:55 PM,7:09:56 PM,
204,C,7:09:56 PM,7:10:43 PM,
204,C,7:10:45 PM,7:11:33 PM,
204,B,7:13:01 PM,7:14:09 PM,
204,B,7:14:27 PM,7:16:22 PM,
204,L,7:15:15 PM,7:15:16 PM,
204,E,7:16:25 PM,7:16:31 PM,
204,F,7:16:31 PM,7:27:02 PM,
204,E,7:19:10 PM,7:19:13 PM,
204,H,7:20:10 PM,7:20:36 PM,
204,N,7:21:24 PM,7:21:25 PM,
204,G,7:24:05 PM,7:24:06 PM,
204,H,7:24:28 PM,7:24:54 PM,
204,M,7:25:14 PM,7:25:25 PM,
204,I,7:25:38 PM,7:26:02 PM,
204,J,7:27:05 PM,7:27:30 PM,
204,K,7:34:39 PM,7:37:41 PM,
206,A,10:58:46 AM,10:58:47 AM,
206,B,10:58:46 AM,10:59:09 AM,
206,F,10:59:42 AM,11:12:49 AM,
206,L,11:00:04 AM,11:00:05 AM,
206,C,11:00:11 AM,11:00:24 AM,
206,C,11:00:15 AM,11:00:30 AM,
206,P,11:00:32 AM,11:00:33 AM,
206,P,11:02:21 AM,11:02:22 AM,
206,C,11:05:01 AM,11:05:07 AM,
206,G,11:09:56 AM,11:09:57 AM,
206,M,11:11:15 AM,11:11:24 AM,
206,H,11:12:04 AM,11:12:06 AM,
206,I,11:12:09 AM,11:12:12 AM,
206,H,11:12:16 AM,11:12:17 AM,
206,J,11:12:56 AM,11:13:14 AM,
206,K,11:17:35 AM,11:19:07 AM,
207,A,1:04:15 AM,1:04:16 AM,
207,C,1:05:22 AM,1:05:46 AM,
207,B,1:05:49 AM,11:34:23 AM,
207,M,1:20:09 AM,1:20:16 AM,
207,C,1:27:25 AM,1:27:34 AM,
207,F,1:34:27 AM,1:47:47 AM,
207,M,1:35:23 AM,1:35:25 AM,
207,L,1:35:27 AM,1:35:28 AM,
207,C,1:48:21 AM,1:48:24 AM,
207,F,1:49:26 AM,1:55:49 AM,
207,C,1:50:29 AM,1:50:43 AM,
207,M,1:50:59 AM,1:51:09 AM,
207,G,1:52:56 AM,1:52:57 AM,
207,J,1:55:56 AM,1:55:05 AM,
207,I,1:56:19 AM,1:56:27 AM,
207,H,1:56:31 AM,1:56:44 AM,
207,K,2:00:26 AM,2:01:51 AM,
208,A,6:48:33 PM,6:48:34 PM,
208,E,6:50:37 PM,6:50:39 PM,
208,P,6:50:50 PM,6:50:51 PM,
208,D,6:53:21 PM,6:53:22 PM,
208,L,6:53:39 PM,6:53:40 PM,
208,N,6:56:24 PM,6:56:25 PM,
208,C,6:57:05 PM,6:57:22 PM,
208,G,6:57:08 PM,6:57:09 PM,
208,B,6:57:21 PM,,
208,H,6:57:59 PM,6:58:03 PM,
208,M,6:58:55 PM,6:58:58 PM,
208,I,6:59:17 PM,6:59:20 PM,
208,J,7:00:08 PM,7:01:25 PM,
208,K,7:05:09 PM,7:06:20 PM,
209,A,4:05:29 AM,4:05:30 AM,
209,B,4:05:29 AM,4:09:45 AM,
209,C,4:06:26 AM,4:06:40 AM,
209,D,4:06:53 AM,4:06:56 AM,
209,C,4:08:07 AM,4:08:20 AM,
209,D,4:09:09 AM,4:09:11 AM,
209,F,4:09:51 AM,4:12:55 AM,
209,D,4:13:00 AM,4:13:02 AM,
209,F,4:13:21 AM,4:14:20 AM,
209,F,4:14:32 AM,4:16:35 AM,
209,F,4:17:23 AM,4:18:13 AM,
209,C,4:18:40 AM,4:18:58 AM,
209,F,4:18:44 AM,4:19:12 AM,
209,C,4:19:33 AM,4:20:00 AM,
209,D,4:20:41 AM,4:20:42 AM,
209,F,4:20:57 AM,4:28:36 AM,
209,L,4:21:01 AM,4:21:02 AM,
209,N,4:24:12 AM,4:24:13 AM,
209,D,4:25:28 AM,4:25:29 AM,
209,G,4:26:37 AM,4:26:38 AM,
209,H,4:27:30 AM,4:27:40 AM,
209,I,4:27:54 AM,4:28:08 AM,
209,F,4:28:57 AM,4:29:18 AM,
209,J,4:29:37 AM,4:30:55 AM,
209,H,4:38:43 AM,4:39:48 AM,
209,K,4:39:46 AM,4:43:47 AM,
209,I,4:40:31 AM,4:41:07 AM,
210,A,4:48:00 AM,4:48:01 AM,
210,A,4:48:00 AM,4:48:01 AM,
210,A,4:48:00 AM,4:48:01 AM,
210,C,4:48:55 AM,4:48:57 AM,
210,C,4:48:55 AM,4:48:58 AM,
210,C,4:48:55 AM,4:48:57 AM,
210,D,4:49:09 AM,4:49:10 AM,
210,D,4:49:09 AM,4:49:10 AM,
210,F,4:50:05 AM,5:22:28 AM,
210,F,4:50:05 AM,5:22:28 AM,
210,F,4:50:06 AM,5:22:28 AM,
210,C,4:51:36 AM,4:52:12 AM,
210,C,4:51:37 AM,4:52:12 AM,
210,C,4:51:37 AM,4:52:12 AM,
210,L,4:52:17 AM,4:52:18 AM,
210,L,4:52:17 AM,4:52:18 AM,
210,L,4:52:19 AM,4:52:20 AM,
210,C,4:52:53 AM,4:53:09 AM,
210,C,4:52:53 AM,4:53:09 AM,
210,C,4:52:53 AM,4:53:09 AM,
210,P,5:04:30 AM,5:04:33 AM,
210,P,5:04:30 AM,5:04:33 AM,
210,P,5:04:30 AM,5:04:33 AM,
210,C,5:06:10 AM,5:06:20 AM,
210,C,5:06:10 AM,5:06:20 AM,
210,C,5:06:11 AM,5:06:20 AM,
210,M,5:19:11 AM,5:19:17 AM,
210,M,5:19:12 AM,5:19:17 AM,
210,M,5:19:12 AM,5:19:17 AM,
210,H,5:19:29 AM,5:20:05 AM,
210,H,5:19:29 AM,5:20:05 AM,
210,H,5:19:29 AM,5:20:05 AM,
210,G,5:19:41 AM,5:19:42 AM,
210,G,5:19:41 AM,5:19:42 AM,
210,G,5:19:41 AM,5:19:42 AM,
210,I,5:20:50 AM,5:21:01 AM,
210,I,5:20:50 AM,5:21:00 AM,
210,I,5:20:50 AM,5:21:01 AM,
210,J,5:22:41 AM,5:22:58 AM,
210,J,5:22:41 AM,5:22:58 AM,
210,J,5:22:41 AM,5:22:58 AM,
210,K,5:24:30 AM,5:26:52 AM,
210,K,5:24:30 AM,5:26:52 AM,
210,K,5:24:30 AM,5:26:52 AM,
212,A,10:46:28 PM,10:46:29 PM,
212,B,10:48:10 PM,10:51:56 PM,
212,B,10:52:19 PM,11:41:25 PM,
212,C,10:53:12 PM,10:53:24 PM,
212,D,10:53:14 PM,10:53:15 PM,
212,C,11:07:03 PM,11:07:32 PM,
212,L,11:12:03 PM,9:12:04 PM,
212,N,11:13:10 PM,11:13:11 PM,
212,C,11:15:19 PM,11:15:34 PM,
212,D,11:17:47 PM,11:17:48 PM,
212,G,11:40:19 PM,11:40:20 PM,
212,H,11:41:14 PM,11:41:16 PM,
212,H,11:41:27 PM,11:41:52 PM,
212,I,11:42:09 PM,11:42:28 PM,
212,F,11:42:23 PM,11:43:09 PM,
212,J,11:43:19 PM,11:44:36 PM,
212,K,11:46:06 PM,11:47:46 PM,
213,A,1:57:18 AM,1:57:19 AM,
213,B,1:58:16 AM,2:02:17 AM,
213,L,1:58:55 AM,1:58:56 AM,
213,B,2:02:28 AM,2:05:36 AM,
213,P,2:03:11 AM,2:03:12 AM,
213,N,2:03:18 AM,2:03:19 AM,
213,D,2:04:41 AM,2:04:42 AM,
213,G,2:05:25 AM,2:05:26 AM,
213,H,2:05:30 AM,2:05:41 AM,
213,F,2:05:48 AM,2:06:54 AM,
213,I,2:06:12 AM,2:06:23 AM,
213,J,2:08:25 AM,2:08:42 AM,
213,K,2:12:10 AM,2:13:56 AM,
213,M,2:19:41 AM,2:20:19 AM,
214,A,4:33:43 AM,4:33:35 AM,
214,B,4:33:43 AM,4:34:43 AM,
214,C,4:34:37 AM,4:34:52 AM,
214,F,4:34:45 AM,4:36:04 AM,
214,E,4:36:01 AM,4:36:03 AM,
214,P,4:36:06 AM,4:36:07 AM,
214,D,4:36:07 AM,4:36:08 AM,
214,B,4:36:09 AM,4:44:08 AM,
214,C,4:36:26 AM,4:36:39 AM,
214,C,4:38:16 AM,4:38:34 AM,
214,L,4:38:58 AM,4:38:59 AM,
214,N,4:43:19 AM,4:43:20 AM,
214,G,4:43:29 AM,4:43:30 AM,
214,F,4:44:09 AM,4:46:24 AM,
214,H,4:44:17 AM,4:44:29 AM,
214,H,4:44:39 AM,4:44:51 AM,
214,I,4:45:02 AM,4:45:22 AM,
214,D,4:45:57 AM,4:45:58 AM,
214,J,4:46:29 AM,4:46:55 AM,
214,K,4:48:42 AM,4:48:54 AM,
216,A,4:55:36 AM,4:55:37 AM,
216,C,4:56:33 AM,4:56:59 AM,
216,B,4:56:36 AM,5:00:29 AM,
216,D,4:57:58 AM,4:57:58 AM,
216,P,4:59:51 AM,4:59:52 AM,
216,D,4:59:55 AM,4:59:56 AM,
216,F,5:00:34 AM,5:08:40 AM,
216,C,5:00:44 AM,5:01:14 AM,
216,C,5:01:31 AM,5:01:49 AM,
216,C,5:04:29 AM,5:04:45 AM,
216,C,5:04:33 AM,5:04:36 AM,
216,L,5:04:42 AM,5:04:43 AM,
216,C,5:05:59 AM,5:06:29 AM,
216,G,5:07:41 AM,5:07:42 AM,
216,N,5:08:09 AM,5:09:40 AM,
216,F,5:09:04 AM,5:10:33 AM,
216,H,5:09:40 AM,5:09:44 AM,
216,I,5:09:48 AM,5:09:51 AM,
216,M,5:09:54 AM,5:09:57 AM,
216,J,5:10:41 AM,5:11:13 AM,
216,K,5:12:43 AM,5:13:59 AM,
218,L,12:01:30 AM,12:01:31 AM,
218,G,12:04:48 AM,12:04:49 AM,
218,I,12:06:54 AM,12:07:00 AM,
218,H,12:07:19 AM,12:07:26 AM,
218,K,12:14:27 AM,12:15:51 AM,
218,A,11:53:14 PM,11:53:15 PM,
218,F,11:53:14 PM,11:53:25 PM,
218,C,11:54:42 PM,11:55:00 PM,
218,D,11:55:24 PM,11:55:25 PM,
218,C,11:57:13 PM,11:57:27 PM,
218,D,11:57:26 PM,11:57:27 PM,
218,H,11:59:59 PM,12:00:23 AM,
218,J,12:07:48 AM,12:08:53 AM,
219,A,6:11:31 AM,6:11:32 AM,
219,B,6:11:31 AM,6:25:47 AM,
219,A,6:11:31 AM,6:11:32 AM,
219,B,6:11:31 AM,6:25:48 AM,
219,A,6:11:31 AM,6:11:32 AM,
219,B,6:11:31 AM,6:25:47 AM,
219,L,6:13:33 AM,6:13:34 AM,
219,L,6:13:33 AM,6:13:34 AM,
219,L,6:13:34 AM,6:13:35 AM,
219,N,6:14:07 AM,6:14:08 AM,
219,N,6:14:07 AM,6:14:08 AM,
219,N,6:14:09 AM,6:14:10 AM,
219,D,6:14:30 AM,6:14:33 AM,
219,D,6:14:31 AM,6:14:33 AM,
219,D,6:14:31 AM,6:14:33 AM,
219,P,6:14:36 AM,6:14:38 AM,
219,P,6:14:36 AM,6:14:38 AM,
219,P,6:14:36 AM,6:14:38 AM,
219,G,6:23:05 AM,6:23:06 AM,
219,G,6:23:05 AM,6:23:06 AM,
219,G,6:23:05 AM,6:23:06 AM,
219,H,6:23:07 AM,6:23:55 AM,
219,H,6:23:07 AM,6:23:55 AM,
219,H,6:23:08 AM,6:23:54 AM,
219,H,6:24:13 AM,6:24:33 AM,
219,H,6:24:13 AM,6:24:33 AM,
219,H,6:24:15 AM,6:24:33 AM,
219,I,6:24:56 AM,6:25:46 AM,
219,I,6:24:56 AM,6:25:46 AM,
219,I,6:24:57 AM,6:25:46 AM,
219,J,6:26:05 AM,6:27:05 AM,
219,J,6:26:05 AM,6:27:05 AM,
219,J,6:26:05 AM,6:27:05 AM,
219,K,6:29:58 AM,6:31:42 AM,
219,K,6:30:01 AM,6:31:40 AM,
219,K,6:30:01 AM,6:31:40 AM,
220,A,11:00:27 PM,11:00:28 PM,
220,A,11:00:28 PM,11:00:29 PM,
220,A,11:00:28 PM,11:00:29 PM,
220,L,11:00:46 PM,11:00:47 PM,
220,L,11:00:46 PM,11:00:47 PM,
220,L,11:00:46 PM,11:00:47 PM,
220,E,11:02:38 PM,11:02:40 PM,
220,E,11:02:39 PM,11:02:42 PM,
220,E,11:02:39 PM,11:02:42 PM,
220,B,11:03:53 PM,11:10:19 PM,
220,B,11:03:53 PM,11:10:18 PM,
220,B,11:03:53 PM,11:10:19 PM,
220,M,11:07:14 PM,11:07:22 PM,
220,M,11:07:14 PM,11:07:22 PM,
220,M,11:07:14 PM,11:07:22 PM,
220,P,11:08:40 PM,11:08:41 PM,
220,P,11:08:40 PM,11:08:41 PM,
220,P,11:08:40 PM,11:08:41 PM,
220,B,11:10:46 PM,11:11:05 PM,
220,B,11:10:50 PM,11:11:05 PM,
220,B,11:10:50 PM,11:11:05 PM,
220,B,11:11:39 PM,11:14:33 PM,
220,G,11:11:40 PM,11:11:41 PM,
220,G,11:11:40 PM,11:11:41 PM,
220,G,11:11:40 PM,11:11:41 PM,
220,B,11:11:40 PM,11:14:33 PM,
220,B,11:11:40 PM,11:14:33 PM,
220,H,11:13:58 PM,11:14:00 PM,
220,H,11:13:58 PM,11:14:00 PM,
220,H,11:13:59 PM,11:14:00 PM,
220,H,11:14:11 PM,11:14:16 PM,
220,H,11:14:11 PM,11:14:16 PM,
220,H,11:14:12 PM,11:14:16 PM,
220,I,11:14:28 PM,11:14:31 PM,
220,I,11:14:28 PM,11:14:31 PM,
220,I,11:14:30 PM,11:14:32 PM,
220,J,11:14:40 PM,11:15:30 PM,
220,J,11:14:40 PM,11:15:31 PM,
220,J,11:14:40 PM,11:15:30 PM,
220,K,11:24:57 PM,11:26:44 PM,
220,K,11:24:57 PM,11:26:44 PM,
220,K,11:34:59 PM,11:26:42 PM,
223,A,2:03:18 PM,2:03:19 PM,
223,F,2:03:18 PM,2:04:50 PM,
223,G,2:04:32 PM,2:04:33 PM,
223,C,2:05:37 PM,2:06:01 PM,
223,L,2:06:19 PM,2:06:20 PM,
223,H,2:06:36 PM,2:06:45 PM,
223,I,2:06:51 PM,2:07:04 PM,
223,J,2:07:32 PM,2:08:00 PM,
223,K,2:08:43 PM,2:10:03 PM,
224,A,6:54:35 PM,6:54:36 PM,
224,B,6:54:35 PM,7:06:04 PM,
224,C,6:57:57 PM,6:58:22 PM,
224,F,7:06:28 PM,7:06:40 PM,
224,L,7:06:37 PM,7:06:38 PM,
224,F,7:07:05 PM,7:14:58 PM,
224,D,7:10:34 PM,7:10:35 PM,
224,N,7:10:47 PM,7:10:48 PM,
224,D,7:11:19 PM,7:11:20 PM,
224,G,7:12:08 PM,7:12:09 PM,
224,H,7:13:39 PM,7:13:41 PM,
224,H,7:13:47 PM,7:13:48 PM,
224,I,7:13:53 PM,7:13:54 PM,
224,J,7:15:08 PM,7:15:45 PM,
224,K,7:20:02 PM,7:26:09 PM,
225,A,10:26:25 AM,10:26:26 AM,
225,B,10:26:25 AM,10:27:25 AM,
225,E,10:26:40 AM,10:26:42 AM,
225,C,10:27:02 AM,10:27:18 AM,
225,P,10:27:28 AM,10:27:29 AM,
225,D,10:27:29 AM,10:27:34 AM,
225,B,10:27:38 AM,10:30:56 AM,
225,C,10:31:03 AM,10:31:15 AM,
225,B,10:31:16 AM,10:34:10 AM,
225,C,10:32:03 AM,10:32:30 AM,
225,C,10:33:49 AM,10:33:54 AM,
225,C,10:33:50 AM,10:34:01 AM,
225,B,10:34:30 AM,10:35:53 AM,
225,C,10:34:51 AM,10:35:09 AM,
225,B,10:36:11 AM,10:40:26 AM,
225,C,10:37:01 AM,10:37:14 AM,
225,F,10:40:27 AM,10:44:00 AM,
225,G,10:41:06 AM,10:41:07 AM,
225,H,10:42:28 AM,10:42:34 AM,
225,I,10:42:39 AM,10:42:46 AM,
225,J,10:44:06 AM,10:45:38 AM,
225,F,10:45:40 AM,10:47:34 AM,
225,K,10:53:35 AM,10:55:38 AM,
226,A,10:11:53 PM,10:11:54 PM,
226,B,10:11:53 PM,10:21:17 PM,
226,D,10:13:15 PM,10:13:16 PM,
226,C,10:13:16 PM,10:13:19 PM,
226,L,10:13:24 PM,10:13:25 PM,
226,G,10:19:36 PM,10:19:37 PM,
226,H,10:20:47 PM,10:20:57 PM,
226,H,10:21:00 PM,10:21:15 PM,
226,I,10:21:21 PM,10:22:04 PM,
226,F,10:21:26 PM,10:22:26 PM,
226,J,10:22:36 PM,10:23:42 PM,
226,K,10:43:55 PM,10:45:25 PM,
227,A,4:02:54 PM,4:02:56 PM,
227,F,4:02:54 PM,4:22:11 PM,
227,A,4:02:54 PM,4:02:56 PM,
227,F,4:02:54 PM,4:22:11 PM,
227,A,4:02:55 PM,4:02:56 PM,
227,F,4:02:55 PM,4:22:10 PM,
227,E,4:04:27 PM,4:04:30 PM,
227,E,4:04:27 PM,4:04:30 PM,
227,E,4:04:27 PM,4:04:30 PM,
227,L,4:04:57 PM,4:04:58 PM,
227,L,4:04:57 PM,4:04:58 PM,
227,L,4:04:57 PM,4:04:58 PM,
227,C,4:05:51 PM,4:06:04 PM,
227,C,4:05:51 PM,4:06:04 PM,
227,C,4:05:51 PM,4:06:04 PM,
227,G,4:19:20 PM,4:19:21 PM,
227,G,4:19:20 PM,4:19:21 PM,
227,G,4:19:20 PM,4:19:21 PM,
227,H,4:20:18 PM,4:20:29 PM,
227,H,4:20:18 PM,4:20:31 PM,
227,H,4:20:18 PM,4:20:29 PM,
227,I,4:21:10 PM,4:21:22 PM,
227,I,4:21:10 PM,4:21:22 PM,
227,I,4:21:10 PM,4:21:22 PM,
227,J,4:22:20 PM,4:22:46 PM,
227,J,4:22:20 PM,4:22:46 PM,
227,J,4:22:20 PM,4:22:46 PM,
227,K,4:26:09 PM,4:27:27 PM,
227,K,4:26:10 PM,4:27:24 PM,
227,K,4:26:10 PM,4:27:24 PM,
228,A,8:43:34 PM,8:43:35 PM,
228,B,8:43:34 PM,8:45:17 PM,
228,A,8:43:34 PM,8:43:35 PM,
228,B,8:43:34 PM,8:45:17 PM,
228,A,8:43:35 PM,8:43:36 PM,
228,B,8:43:35 PM,8:45:17 PM,
228,E,8:44:30 PM,8:44:35 PM,
228,E,8:44:30 PM,8:44:34 PM,
228,E,8:44:30 PM,8:44:35 PM,
228,L,8:44:35 PM,8:44:36 PM,
228,L,8:44:35 PM,8:44:36 PM,
228,C,8:44:39 PM,8:44:45 PM,
228,C,8:44:39 PM,8:44:45 PM,
228,E,8:46:43 PM,8:46:45 PM,
228,E,8:46:43 PM,8:46:45 PM,
228,E,8:46:43 PM,8:46:45 PM,
228,B,8:47:27 PM,8:52:25 PM,
228,B,8:47:27 PM,8:52:25 PM,
228,B,8:47:28 PM,8:52:26 PM,
228,C,8:49:05 PM,8:49:14 PM,
228,C,8:49:05 PM,8:49:14 PM,
228,C,8:49:06 PM,8:49:13 PM,
228,D,8:49:18 PM,8:49:19 PM,
228,D,8:49:18 PM,8:49:19 PM,
228,D,8:49:26 PM,8:49:27 PM,
228,C,8:51:58 PM,8:52:17 PM,
228,C,8:51:59 PM,8:52:17 PM,
228,C,8:51:59 PM,8:52:17 PM,
228,B,8:53:03 PM,9:25:37 PM,
228,B,8:53:04 PM,9:25:37 PM,
228,B,8:53:04 PM,9:25:37 PM,
228,H,8:54:00 PM,8:54:03 PM,
228,H,8:54:00 PM,8:54:03 PM,
228,H,8:54:00 PM,8:54:03 PM,
228,P,8:56:40 PM,8:56:41 PM,
228,P,8:56:40 PM,8:56:41 PM,
228,P,8:56:41 PM,8:56:42 PM,
228,H,9:00:30 PM,9:00:35 PM,
228,H,9:00:30 PM,9:00:35 PM,
228,H,9:00:30 PM,9:00:35 PM,
228,L,9:05:01 PM,9:05:02 PM,
228,P,9:19:07 PM,9:19:08 PM,
228,P,9:19:07 PM,9:19:08 PM,
228,P,9:19:07 PM,9:19:08 PM,
228,G,9:23:18 PM,9:23:19 PM,
228,G,9:23:18 PM,9:23:19 PM,
228,G,9:23:19 PM,9:23:20 PM,
228,H,9:24:02 PM,9:24:26 PM,
228,H,9:24:02 PM,9:24:26 PM,
228,H,9:24:03 PM,9:24:27 PM,
228,H,9:24:33 PM,9:24:47 PM,
228,H,9:24:34 PM,9:24:47 PM,
228,H,9:24:34 PM,9:24:47 PM,
228,I,9:25:09 PM,9:25:22 PM,
228,I,9:25:09 PM,9:25:22 PM,
228,I,9:25:09 PM,9:25:22 PM,
228,J,9:26:18 PM,9:26:49 PM,
228,J,9:26:18 PM,9:26:49 PM,
228,J,9:26:19 PM,9:26:49 PM,
228,D,9:26:30 PM,9:26:31 PM,
228,K,9:28:09 PM,9:33:03 PM,
228,K,9:28:10 PM,9:33:01 PM,
228,K,9:28:10 PM,9:33:01 PM,
229,A,5:51:41 PM,5:51:42 PM,
229,C,5:52:43 PM,5:53:03 PM,
229,E,5:52:49 PM,5:52:50 PM,
229,P,5:52:50 PM,5:52:51 PM,
229,D,5:53:00 PM,5:53:02 PM,
229,L,5:53:52 PM,5:53:54 PM,
229,C,5:54:24 PM,5:54:37 PM,
229,C,5:55:38 PM,5:56:08 PM,
229,D,5:56:09 PM,5:56:10 PM,
229,C,6:09:07 PM,6:09:28 PM,
229,D,6:09:20 PM,6:09:21 PM,
229,G,6:10:07 PM,6:10:08 PM,
229,H,6:12:02 PM,6:12:12 PM,
229,B,6:12:20 PM,6:13:01 PM,
229,I,6:12:23 PM,6:12:27 PM,
229,J,6:13:07 PM,6:13:28 PM,
229,K,6:14:57 PM,6:16:48 PM,
230,A,1:55:21 PM,1:55:22 PM,
230,F,1:55:21 PM,2:05:41 PM,
230,E,1:57:57 PM,1:57:58 PM,
230,C,1:58:43 PM,1:59:11 PM,
230,D,1:58:56 PM,1:58:57 PM,
230,C,2:01:48 PM,2:02:01 PM,
230,P,2:02:20 PM,2:02:21 PM,
230,D,2:02:22 PM,2:02:29 PM,
230,L,2:02:52 PM,2:02:53 PM,
230,F,2:05:48 PM,2:05:51 PM,
230,F,2:06:59 PM,2:08:03 PM,
230,C,2:07:02 PM,2:07:17 PM,
230,G,2:08:24 PM,2:08:25 PM,
230,C,2:09:17 PM,2:09:28 PM,
230,F,2:09:33 PM,2:11:21 PM,
230,H,2:10:29 PM,2:10:53 PM,
230,H,2:10:29 PM,2:10:53 PM,
230,J,2:11:24 PM,2:11:39 PM,
230,I,2:11:28 PM,2:11:40 PM,
230,K,2:17:32 PM,2:18:35 PM,
231,A,8:09:17 PM,8:09:18 PM,
231,F,8:09:17 PM,8:14:22 PM,
231,E,8:10:43 PM,8:10:46 PM,
231,P,8:10:55 PM,8:10:56 PM,
231,D,8:11:13 PM,8:11:14 PM,
231,P,8:11:13 PM,8:11:14 PM,
231,C,8:13:12 PM,8:13:19 PM,
231,F,8:14:59 PM,8:27:50 PM,
231,C,8:16:24 PM,8:16:28 PM,
231,P,8:16:29 PM,8:16:30 PM,
231,D,8:16:30 PM,8:16:31 PM,
231,D,8:18:14 PM,8:18:15 PM,
231,L,8:21:21 PM,8:21:22 PM,
231,D,8:21:29 PM,8:21:30 PM,
231,N,8:23:11 PM,8:23:12 PM,
231,G,8:24:56 PM,8:24:57 PM,
231,H,8:26:24 PM,8:26:48 PM,
231,I,8:26:54 PM,8:27:09 PM,
231,J,8:27:56 PM,8:28:25 PM,
231,K,8:50:51 PM,8:52:53 PM,
232,A,12:03:27 PM,12:03:28 PM,
232,L,12:04:01 PM,12:04:02 PM,
232,E,12:08:30 PM,12:08:35 PM,
232,B,12:09:03 PM,12:17:45 PM,
232,G,12:14:51 PM,12:14:52 PM,
232,H,12:16:42 PM,12:16:51 PM,
232,I,12:17:01 PM,12:17:06 PM,
232,J,12:17:51 PM,12:18:15 PM,
232,K,12:21:19 PM,12:23:22 PM,
233,A,1:47:07 AM,1:47:08 AM,
233,B,1:47:07 AM,1:47:51 AM,
233,A,1:47:07 AM,1:47:08 AM,
233,A,1:47:07 AM,1:47:08 AM,
233,B,1:47:07 AM,1:47:51 AM,
233,B,1:48:29 AM,1:50:40 AM,
233,B,1:48:30 AM,1:50:40 AM,
233,B,1:48:30 AM,1:50:40 AM,
233,E,1:49:49 AM,1:49:53 AM,
233,E,1:49:49 AM,1:49:52 AM,
233,E,1:49:49 AM,1:49:53 AM,
233,P,1:49:53 AM,1:49:54 AM,
233,P,1:49:53 AM,1:49:54 AM,
233,P,1:49:53 AM,1:49:54 AM,
233,C,1:49:58 AM,1:50:22 AM,
233,C,1:49:58 AM,1:50:23 AM,
233,C,1:49:58 AM,1:50:22 AM,
233,F,1:50:45 AM,1:55:06 AM,
233,F,1:50:48 AM,1:55:06 AM,
233,F,1:50:48 AM,1:55:06 AM,
233,L,1:54:11 AM,1:54:12 AM,
233,L,1:54:11 AM,1:54:12 AM,
233,L,1:54:11 AM,1:54:12 AM,
233,P,1:54:18 AM,1:54:19 AM,
233,P,1:54:18 AM,1:54:19 AM,
233,P,1:54:18 AM,1:54:19 AM,
233,B,1:55:14 AM,1:58:51 AM,
233,B,1:55:14 AM,1:58:49 AM,
233,B,1:55:14 AM,1:58:49 AM,
233,E,1:55:32 AM,1:55:40 AM,
233,E,1:55:32 AM,1:55:40 AM,
233,E,1:58:55 AM,1:59:41 AM,
233,E,1:58:55 AM,1:59:41 AM,
233,E,1:58:55 AM,1:59:41 AM,
233,B,1:59:37 AM,2:00:24 AM,
233,B,1:59:38 AM,2:00:25 AM,
233,B,1:59:38 AM,2:00:25 AM,
233,F,2:00:28 AM,2:01:29 AM,
233,F,2:00:28 AM,2:01:29 AM,
233,F,2:00:28 AM,2:01:29 AM,
233,D,2:00:30 AM,2:00:32 AM,
233,D,2:00:30 AM,2:00:32 AM,
233,D,2:00:32 AM,2:00:34 AM,
233,B,2:02:25 AM,2:09:51 AM,
233,B,2:02:25 AM,2:09:51 AM,
233,B,2:02:25 AM,2:09:51 AM,
233,H,2:04:39 AM,2:06:22 AM,
233,H,2:04:39 AM,2:06:22 AM,
233,H,2:04:41 AM,2:06:22 AM,
233,G,2:07:31 AM,2:07:32 AM,
233,G,2:07:31 AM,2:07:32 AM,
233,G,2:07:31 AM,2:07:32 AM,
233,H,2:07:52 AM,2:08:46 AM,
233,H,2:07:56 AM,2:08:46 AM,
233,H,2:07:56 AM,2:08:46 AM,
233,I,2:09:30 AM,2:10:05 AM,
233,I,2:09:33 AM,2:10:05 AM,
233,I,2:09:33 AM,2:10:05 AM,
233,F,2:09:52 AM,2:10:28 AM,
233,F,2:09:52 AM,2:10:28 AM,
233,F,2:09:52 AM,2:10:28 AM,
233,J,2:10:31 AM,2:11:08 AM,
233,J,2:10:31 AM,2:11:08 AM,
233,J,2:10:31 AM,2:11:08 AM,
233,K,2:13:29 AM,2:15:15 AM,
233,K,2:13:29 AM,2:15:15 AM,
233,K,2:13:30 AM,2:15:14 AM,
234,A,1:53:40 PM,1:53:41 PM,
234,L,1:54:23 PM,1:54:24 PM,
234,C,1:55:04 PM,1:55:08 PM,
234,C,1:56:36 PM,1:56:46 PM,
234,C,1:58:55 PM,1:58:57 PM,
234,C,1:59:24 PM,1:59:33 PM,
234,G,2:03:25 PM,2:03:26 PM,
234,E,2:04:08 PM,2:04:15 PM,
234,H,2:04:19 PM,2:04:29 PM,
234,I,2:04:40 PM,2:04:42 PM,
234,B,2:04:58 PM,2:05:10 PM,
234,F,2:05:20 PM,2:06:19 PM,
234,J,2:06:25 PM,2:07:13 PM,
234,K,2:11:58 PM,2:16:23 PM,
235,A,5:47:16 PM,5:47:17 PM,
235,F,5:47:16 PM,5:48:32 PM,
235,F,5:48:50 PM,5:51:38 PM,
235,C,5:51:01 PM,5:51:34 PM,
235,E,5:51:09 PM,5:51:11 PM,
235,D,5:51:35 PM,5:51:40 PM,
235,P,5:53:18 PM,5:53:20 PM,
235,D,5:53:19 PM,5:53:21 PM,
235,B,5:53:38 PM,5:59:15 PM,
235,D,5:53:48 PM,5:53:49 PM,
235,C,5:55:06 PM,5:55:15 PM,
235,D,5:55:17 PM,5:55:18 PM,
235,H,5:56:17 PM,5:56:57 PM,
235,C,5:58:14 PM,5:58:23 PM,
235,B,5:59:38 PM,6:10:54 PM,
235,C,6:00:01 PM,6:00:12 PM,
235,H,6:08:27 PM,6:09:25 PM,
235,L,6:09:19 PM,6:09:20 PM,
235,M,6:10:50 PM,6:11:44 PM,
235,F,6:11:00 PM,6:16:03 PM,
235,G,6:13:07 PM,6:13:08 PM,
235,H,6:13:15 PM,6:13:58 PM,
235,I,6:14:23 PM,6:14:52 PM,
235,J,6:16:07 PM,6:16:38 PM,
235,K,6:23:49 PM,6:25:26 PM,
236,A,2:19:40 PM,2:19:41 PM,
236,B,2:19:40 PM,2:20:32 PM,
236,F,2:20:42 PM,2:21:04 PM,
236,B,2:21:24 PM,2:27:49 PM,
236,C,2:22:06 PM,2:22:09 PM,
236,D,2:22:21 PM,2:22:22 PM,
236,L,2:23:19 PM,2:23:21 PM,
236,N,2:26:35 PM,2:26:36 PM,
236,G,2:27:11 PM,2:27:12 PM,
236,M,2:27:44 PM,2:27:52 PM,
236,F,2:27:57 PM,2:30:09 PM,
236,C,2:28:09 PM,2:28:31 PM,
236,H,2:28:24 PM,2:28:27 PM,
236,I,2:28:39 PM,2:28:41 PM,
236,J,2:30:11 PM,2:30:38 PM,
236,K,2:33:32 PM,2:40:55 PM,
237,B,3:11:57 PM,5:44:51 PM,
237,A,5:00:00 PM,5:11:01 PM,
237,D,5:11:10 PM,5:11:11 PM,
237,C,5:13:01 PM,5:13:16 PM,
237,C,5:16:30 PM,5:17:32 PM,
237,D,5:38:17 PM,5:38:18 PM,
237,C,5:38:21 PM,5:39:57 PM,
237,C,5:38:23 PM,5:38:41 PM,
237,B,5:56:42 PM,5:58:35 PM,
237,L,6:01:28 PM,6:01:29 PM,
237,B,6:09:06 PM,6:11:38 PM,
237,B,6:12:08 PM,6:16:40 PM,
237,G,6:15:56 PM,6:15:57 PM,
237,H,6:16:39 PM,6:17:45 PM,
237,F,6:16:46 PM,6:18:53 PM,
237,I,6:17:56 PM,6:18:08 PM,
237,J,6:18:56 PM,6:19:25 PM,
237,K,6:21:12 PM,6:23:22 PM,
237,C,,5:27:05 PM,
238,A,8:54:28 PM,8:54:29 PM,
238,F,10:54:28 PM,11:07:08 PM,
238,C,10:54:54 PM,10:55:11 PM,
238,C,10:55:16 PM,10:55:45 PM,
238,C,10:56:13 PM,10:56:29 PM,
238,D,10:56:33 PM,10:56:37 PM,
238,C,10:57:24 PM,10:57:42 PM,
238,C,10:59:12 PM,10:59:37 PM,
238,C,10:59:57 PM,11:00:03 PM,
238,C,11:02:25 PM,11:03:00 PM,
238,G,11:04:10 PM,11:04:11 PM,
238,M,11:05:40 PM,11:05:52 PM,
238,H,11:05:57 PM,11:05:59 PM,
238,I,11:06:02 PM,11:06:04 PM,
238,J,11:07:10 PM,11:07:33 PM,
238,K,11:11:01 PM,11:14:09 PM,
239,A,12:40:29 PM,12:40:30 PM,
239,B,12:41:23 PM,12:41:59 PM,
239,F,12:42:03 PM,1:13:17 PM,
239,D,12:42:24 PM,12:42:25 PM,
239,C,12:42:48 PM,12:42:59 PM,
239,P,12:43:01 PM,12:43:02 PM,
239,D,12:43:02 PM,12:43:03 PM,
239,C,12:43:17 PM,12:43:38 PM,
239,C,12:44:49 PM,12:45:03 PM,
239,D,12:45:58 PM,12:45:59 PM,
239,M,12:48:40 PM,12:48:44 PM,
239,D,12:49:58 PM,12:49:59 PM,
239,L,12:52:01 PM,12:52:02 PM,
239,D,12:52:18 PM,12:52:19 PM,
239,N,12:54:51 PM,12:57:02 PM,
239,M,1:08:53 PM,1:08:59 PM,
239,M,1:10:04 PM,1:10:17 PM,
239,G,1:10:19 PM,1:10:20 PM,
239,H,1:11:14 PM,1:11:18 PM,
239,M,1:11:36 PM,1:11:46 PM,
239,I,1:12:15 PM,1:12:25 PM,
239,J,1:13:19 PM,1:13:42 PM,
239,K,1:14:56 PM,1:18:02 PM,
240,A,6:13:33 PM,6:13:34 PM,
240,E,6:14:56 PM,6:15:00 PM,
240,C,6:15:05 PM,6:15:27 PM,
240,P,6:15:48 PM,6:15:49 PM,
240,D,6:15:50 PM,6:15:52 PM,
240,C,6:15:54 PM,6:15:57 PM,
240,E,6:16:03 PM,6:16:09 PM,
240,B,6:16:14 PM,6:23:37 PM,
240,H,6:21:28 PM,6:22:13 PM,
240,E,6:41:42 PM,6:41:45 PM,
240,E,6:45:08 PM,6:45:18 PM,
240,E,6:49:56 PM,6:49:59 PM,
240,B,6:51:08 PM,6:58:10 PM,
240,H,6:54:00 PM,6:54:58 PM,
240,H,6:58:06 PM,6:59:29 PM,
240,F,6:58:14 PM,7:01:37 PM,
240,G,6:58:38 PM,6:58:39 PM,
240,I,6:59:53 PM,7:00:29 PM,
240,J,7:01:38 PM,7:01:47 PM,
240,K,7:04:23 PM,7:07:00 PM,
241,A,5:41:35 PM,5:41:36 PM,
241,F,5:41:35 PM,5:53:46 PM,
241,C,5:41:59 PM,5:42:31 PM,
241,L,5:42:10 PM,5:42:12 PM,
241,C,5:43:27 PM,5:43:32 PM,
241,D,5:43:56 PM,5:43:57 PM,
241,C,5:44:58 PM,5:45:02 PM,
241,N,5:45:31 PM,5:45:32 PM,
241,G,5:49:51 PM,5:49:52 PM,
241,C,5:50:39 PM,5:50:54 PM,
241,M,5:52:28 PM,5:52:35 PM,
241,H,5:52:46 PM,5:52:58 PM,
241,H,5:53:09 PM,5:53:16 PM,
241,I,5:53:39 PM,5:53:44 PM,
241,J,5:53:51 PM,5:54:59 PM,
241,K,6:00:09 PM,6:01:21 PM,
243,A,8:49:17 PM,8:49:18 PM,
243,F,8:49:17 PM,8:57:23 PM,
243,A,8:49:17 PM,8:49:18 PM,
243,F,8:49:17 PM,8:57:23 PM,
243,A,8:49:17 PM,8:49:18 PM,
243,F,8:49:17 PM,8:57:23 PM,
243,L,8:50:08 PM,8:50:09 PM,
243,L,8:50:10 PM,8:50:11 PM,
243,L,8:50:10 PM,8:50:11 PM,
243,C,8:52:07 PM,8:52:24 PM,
243,C,8:52:08 PM,8:57:23 PM,
243,C,8:52:08 PM,8:57:23 PM,
243,G,8:54:25 PM,8:54:26 PM,
243,G,8:54:25 PM,8:54:56 PM,
243,G,8:54:25 PM,8:54:26 PM,
243,C,8:54:33 PM,8:54:39 PM,
243,C,8:54:33 PM,8:54:38 PM,
243,C,8:54:33 PM,8:54:38 PM,
243,H,8:55:18 PM,8:55:28 PM,
243,H,8:55:18 PM,8:55:28 PM,
243,H,8:55:19 PM,8:55:27 PM,
243,I,8:56:22 PM,8:56:28 PM,
243,I,8:56:23 PM,8:56:28 PM,
243,I,8:56:23 PM,8:56:28 PM,
243,J,8:57:25 PM,8:58:07 PM,
243,J,8:57:25 PM,8:58:08 PM,
243,J,8:57:25 PM,8:58:07 PM,
243,K,8:59:39 PM,9:02:31 PM,
243,K,8:59:41 PM,9:03:33 PM,
243,K,8:59:41 PM,9:03:33 PM,
246,A,6:41:06 PM,6:41:07 PM,
246,F,6:41:06 PM,6:50:50 PM,
246,D,6:41:22 PM,6:41:23 PM,
246,D,6:42:57 PM,6:42:58 PM,
246,L,6:43:08 PM,6:43:09 PM,
246,C,6:43:16 PM,6:43:23 PM,
246,D,6:44:23 PM,6:44:24 PM,
246,P,6:45:33 PM,6:45:34 PM,
246,E,6:47:32 PM,6:47:38 PM,
246,G,6:47:57 PM,6:47:58 PM,
246,H,6:48:01 PM,6:48:17 PM,
246,H,6:49:37 PM,6:49:40 PM,
246,I,6:50:14 PM,6:50:28 PM,
246,J,6:50:57 PM,6:51:17 PM,
246,K,6:53:00 PM,6:54:49 PM,
251,A,3:02:42 PM,3:02:43 PM,
251,B,3:02:42 PM,3:06:33 PM,
251,A,3:02:43 PM,3:02:44 PM,
251,B,3:02:43 PM,3:06:33 PM,
251,A,3:02:43 PM,3:02:44 PM,
251,B,3:02:43 PM,3:06:33 PM,
251,C,3:04:46 PM,3:05:05 PM,
251,C,3:04:46 PM,3:05:05 PM,
251,C,3:04:46 PM,3:05:05 PM,
251,C,3:04:57 PM,3:05:06 PM,
251,C,3:04:57 PM,3:05:07 PM,
251,C,3:04:57 PM,3:05:06 PM,
251,D,3:05:37 PM,3:05:38 PM,
251,D,3:05:37 PM,3:05:38 PM,
251,D,3:05:37 PM,3:05:38 PM,
251,F,3:07:47 PM,3:08:52 PM,
251,F,3:07:47 PM,3:08:52 PM,
251,F,3:07:48 PM,3:08:51 PM,
251,C,3:08:02 PM,3:08:15 PM,
251,C,3:08:03 PM,3:08:06 PM,
251,C,3:08:03 PM,3:08:06 PM,
251,E,3:10:05 PM,3:10:06 PM,
251,L,3:10:05 PM,3:10:06 PM,
251,L,3:10:05 PM,3:10:06 PM,
251,E,3:10:05 PM,3:10:06 PM,
251,E,3:10:06 PM,3:10:17 PM,
251,H,3:11:28 PM,3:11:57 PM,
251,H,3:11:28 PM,3:11:57 PM,
251,H,3:11:29 PM,3:11:57 PM,
251,F,3:14:04 PM,3:17:28 PM,
251,F,3:14:05 PM,3:17:28 PM,
251,F,3:14:05 PM,3:17:28 PM,
251,M,3:14:35 PM,3:14:59 PM,
251,M,3:14:35 PM,3:14:58 PM,
251,M,3:14:35 PM,3:14:59 PM,
251,N,3:14:59 PM,3:15:21 PM,
251,N,3:15:01 PM,3:15:21 PM,
251,N,3:15:10 PM,3:15:11 PM,
251,G,3:15:33 PM,3:15:34 PM,
251,G,3:15:34 PM,3:15:35 PM,
251,G,3:15:34 PM,3:15:35 PM,
251,H,3:17:43 PM,3:17:54 PM,
251,H,3:17:43 PM,3:17:54 PM,
251,H,3:17:46 PM,3:17:55 PM,
251,I,3:17:58 PM,3:18:02 PM,
251,I,3:17:58 PM,3:18:02 PM,
251,I,3:17:59 PM,3:18:00 PM,
251,J,3:18:33 PM,3:15:27 PM,
251,J,3:18:34 PM,3:18:49 PM,
251,J,3:18:34 PM,3:18:49 PM,
251,K,3:22:20 PM,3:27:24 PM,
251,K,3:22:20 PM,3:27:25 PM,
251,K,3:22:20 PM,3:26:34 PM,
256,A,7:24:15 PM,7:24:16 PM,
256,C,7:24:22 PM,7:24:34 PM,
256,D,7:24:26 PM,7:24:27 PM,
256,C,7:24:30 PM,7:24:40 PM,
256,B,7:25:00 PM,8:20:37 PM,
256,H,7:28:23 PM,7:28:37 PM,
256,C,7:28:29 PM,7:28:37 PM,
256,C,7:28:39 PM,7:28:49 PM,
256,H,7:32:54 PM,7:33:09 PM,
256,C,7:37:25 PM,7:37:40 PM,
256,C,7:41:45 PM,7:51:57 PM,
256,C,8:08:23 PM,8:08:24 PM,
256,C,8:09:01 PM,8:09:07 PM,
256,L,8:14:37 PM,8:14:38 PM,
256,E,8:16:24 PM,8:16:39 PM,
256,G,8:20:35 PM,8:20:36 PM,
256,H,8:20:47 PM,8:20:49 PM,
256,H,8:20:54 PM,8:21:07 PM,
256,I,8:20:59 PM,8:21:00 PM,
256,F,8:22:16 PM,8:23:31 PM,
256,C,8:23:17 PM,8:23:22 PM,
256,J,8:23:35 PM,8:25:04 PM,
256,K,8:27:32 PM,8:29:34 PM,
257,A,5:31:41 PM,5:31:42 PM,
257,F,5:31:41 PM,5:33:10 PM,
257,F,5:33:28 PM,5:42:55 PM,
257,D,5:33:37 PM,5:33:38 PM,
257,D,5:33:50 PM,3:33:51 PM,
257,L,5:33:51 PM,5:33:52 PM,
257,D,5:39:01 PM,5:39:02 PM,
257,G,5:40:08 PM,5:40:09 PM,
257,H,5:41:53 PM,5:42:07 PM,
257,H,5:42:13 PM,5:42:23 PM,
257,I,5:42:24 PM,5:42:28 PM,
257,J,5:43:08 PM,5:43:51 PM,
257,K,5:48:13 PM,5:51:33 PM,
258,A,10:41:02 AM,10:41:03 AM,
258,F,10:41:02 AM,10:55:13 AM,
258,C,10:42:30 AM,10:42:35 AM,
258,D,10:42:35 AM,10:42:37 AM,
258,E,10:43:20 AM,10:43:23 AM,
258,D,10:43:35 AM,10:43:37 AM,
258,D,10:44:47 AM,10:44:49 AM,
258,L,10:45:10 AM,10:45:12 AM,
258,C,10:46:25 AM,10:46:34 AM,
258,D,10:49:08 AM,10:49:10 AM,
258,M,10:53:38 AM,10:53:43 AM,
258,F,10:55:37 AM,10:58:59 AM,
258,D,10:55:39 AM,10:55:47 AM,
258,G,10:56:10 AM,10:56:11 AM,
258,I,10:57:54 AM,10:58:00 AM,
258,J,10:59:10 AM,11:00:19 AM,
258,K,11:04:40 AM,11:06:25 AM,
259,A,6:21:31 PM,6:21:32 PM,
259,E,6:21:38 PM,6:21:40 PM,
259,E,6:22:28 PM,6:22:30 PM,
259,D,6:23:03 PM,6:23:04 PM,
259,L,6:23:09 PM,6:23:10 PM,
259,B,6:23:38 PM,6:24:42 PM,
259,F,6:24:51 PM,6:26:27 PM,
259,B,6:26:34 PM,6:28:25 PM,
259,G,6:26:52 PM,6:26:53 PM,
259,E,6:26:56 PM,6:27:36 PM,
259,F,6:28:29 PM,6:29:47 PM,
259,H,6:28:41 PM,6:28:50 PM,
259,I,6:28:53 PM,6:29:14 PM,
259,J,6:29:52 PM,6:30:18 PM,
259,K,6:31:32 PM,6:36:23 PM,
262,A,6:26:26 PM,6:26:27 PM,
262,F,6:26:26 PM,6:39:12 PM,
262,A,6:26:26 PM,6:26:27 PM,
262,F,6:26:26 PM,6:39:12 PM,
262,A,6:26:26 PM,6:26:27 PM,
262,F,6:26:26 PM,6:39:12 PM,
262,C,6:27:21 PM,6:27:35 PM,
262,C,6:27:21 PM,6:27:35 PM,
262,C,6:27:21 PM,6:27:35 PM,
262,C,6:27:57 PM,6:28:12 PM,
262,C,6:27:57 PM,6:28:11 PM,
262,C,6:27:57 PM,6:28:12 PM,
262,D,6:28:21 PM,6:28:22 PM,
262,D,6:28:21 PM,6:28:22 PM,
262,D,6:28:22 PM,6:28:23 PM,
262,P,6:28:28 PM,6:28:29 PM,
262,P,6:28:28 PM,6:28:29 PM,
262,P,6:28:29 PM,6:28:30 PM,
262,C,6:29:22 PM,6:29:32 PM,
262,C,6:29:22 PM,6:29:32 PM,
262,C,6:29:23 PM,6:29:32 PM,
262,D,6:29:56 PM,6:29:57 PM,
262,D,6:29:56 PM,6:29:57 PM,
262,D,6:29:56 PM,6:29:57 PM,
262,C,6:31:15 PM,6:31:21 PM,
262,C,6:31:15 PM,6:31:21 PM,
262,C,6:31:15 PM,6:31:21 PM,
262,D,6:31:24 PM,6:31:35 PM,
262,D,6:31:24 PM,6:31:25 PM,
262,D,6:31:24 PM,6:31:35 PM,
262,H,6:31:52 PM,6:32:32 PM,
262,H,6:31:52 PM,6:32:32 PM,
262,E,6:33:10 PM,6:33:11 PM,
262,E,6:33:10 PM,6:33:12 PM,
262,E,6:33:10 PM,6:33:11 PM,
262,C,6:34:16 PM,6:34:18 PM,
262,C,6:35:53 PM,6:36:10 PM,
262,C,6:35:53 PM,6:36:10 PM,
262,C,6:35:53 PM,6:36:10 PM,
262,G,6:36:17 PM,6:36:18 PM,
262,G,6:36:17 PM,6:36:18 PM,
262,G,6:36:17 PM,6:36:18 PM,
262,L,6:36:46 PM,6:36:47 PM,
262,L,6:36:46 PM,6:36:47 PM,
262,L,6:36:46 PM,6:36:47 PM,
262,H,6:37:28 PM,6:38:30 PM,
262,H,6:37:28 PM,6:38:30 PM,
262,H,6:37:28 PM,6:38:30 PM,
262,I,6:38:48 PM,6:38:57 PM,
262,I,6:38:48 PM,6:38:57 PM,
262,I,6:38:48 PM,6:38:57 PM,
262,J,6:39:17 PM,6:39:38 PM,
262,J,6:39:17 PM,6:39:38 PM,
262,J,6:39:17 PM,6:39:38 PM,
262,K,6:45:11 PM,6:47:32 PM,
262,K,6:45:11 PM,6:47:34 PM,
262,K,6:45:11 PM,6:47:32 PM,
263,A,5:46:09 AM,5:46:10 AM,
263,B,5:46:09 AM,5:52:59 AM,
263,L,5:47:11 AM,5:47:12 AM,
263,H,5:51:06 AM,5:51:20 AM,
263,H,5:51:36 AM,5:51:40 AM,
263,G,5:53:02 AM,5:53:03 AM,
263,F,5:53:07 AM,5:55:55 AM,
263,N,5:53:25 AM,5:53:26 AM,
263,I,5:53:49 AM,5:54:43 AM,
263,D,5:55:20 AM,5:55:21 AM,
263,J,5:56:02 AM,5:56:28 AM,
263,K,5:57:38 AM,6:01:36 PM,
264,A,4:39:41 PM,4:39:42 PM,
264,B,4:39:41 PM,4:58:40 PM,
264,L,4:40:30 PM,4:40:31 PM,
264,P,4:40:47 PM,4:40:48 PM,
264,D,4:40:48 PM,4:40:49 PM,
264,C,4:41:08 PM,4:41:17 PM,
264,D,4:41:20 PM,4:41:21 PM,
264,P,4:41:48 PM,4:41:49 PM,
264,D,4:42:20 PM,4:42:21 PM,
264,C,4:42:50 PM,4:42:59 PM,
264,H,4:43:53 PM,4:45:55 PM,
264,E,4:44:42 PM,4:44:56 PM,
264,D,4:44:44 PM,4:44:45 PM,
264,E,4:45:26 PM,4:45:31 PM,
264,C,4:46:10 PM,4:46:53 PM,
264,D,4:46:18 PM,4:46:49 PM,
264,D,4:50:11 PM,4:50:12 PM,
264,M,4:53:43 PM,3:53:53 PM,
264,G,4:56:00 PM,4:56:01 PM,
264,H,4:57:29 PM,4:57:38 PM,
264,H,4:57:44 PM,4:57:57 PM,
264,I,4:58:06 PM,4:58:16 PM,
264,D,4:58:44 PM,4:58:45 PM,
264,J,4:59:00 PM,4:59:12 PM,
264,K,5:00:54 PM,5:03:32 PM,
265,A,5:37:19 PM,5:37:20 PM,
265,F,5:37:19 PM,5:44:17 PM,
265,C,5:37:41 PM,5:37:48 PM,
265,D,5:38:08 PM,5:38:10 PM,
265,L,5:38:16 PM,5:38:17 PM,
265,C,5:40:22 PM,5:40:41 PM,
265,E,5:41:18 PM,5:41:20 PM,
265,G,5:41:29 PM,5:41:30 PM,
265,H,5:42:28 PM,5:43:14 PM,
265,D,5:43:08 PM,5:43:10 PM,
265,I,5:43:42 PM,5:43:50 PM,
265,J,5:44:29 PM,5:47:42 PM,
265,K,5:52:00 PM,5:54:27 PM,
268,A,4:47:36 AM,4:47:37 AM,
268,F,4:47:36 AM,4:53:04 AM,
268,C,4:48:02 AM,4:48:07 AM,
268,D,4:48:30 AM,4:48:32 AM,
268,C,4:48:38 AM,4:49:07 AM,
268,C,4:49:46 AM,4:49:47 AM,
268,D,4:50:10 AM,4:50:12 AM,
268,C,4:50:44 AM,4:51:03 AM,
268,C,4:51:47 AM,4:52:03 AM,
268,D,4:52:20 AM,4:52:22 AM,
268,C,4:52:26 AM,4:52:34 AM,
268,F,4:53:20 AM,4:54:10 AM,
268,C,4:53:58 AM,4:54:09 AM,
268,D,4:54:29 AM,4:54:31 AM,
268,F,4:55:28 AM,4:56:05 AM,
268,B,4:56:12 AM,4:57:02 AM,
268,F,4:57:02 AM,5:13:58 AM,
268,C,4:59:16 AM,4:59:39 AM,
268,C,5:01:11 AM,5:01:16 AM,
268,C,5:03:41 AM,5:04:14 AM,
268,C,5:08:43 AM,5:09:10 AM,
268,C,5:09:29 AM,5:09:38 AM,
268,G,5:11:01 AM,5:11:02 AM,
268,H,5:11:10 AM,5:11:12 AM,
268,H,5:11:16 AM,5:11:19 AM,
268,C,5:11:36 AM,5:11:47 AM,
268,I,5:12:39 AM,5:12:40 AM,
268,J,5:14:01 AM,5:14:47 AM,
268,K,5:28:23 AM,5:30:54 AM,
270,A,2:20:46 AM,2:20:47 AM,
270,A,2:20:46 AM,2:20:47 AM,
270,A,2:20:46 AM,2:20:47 AM,
270,F,2:21:39 AM,2:22:11 AM,
270,F,2:21:39 AM,2:22:11 AM,
270,F,2:21:40 AM,,
270,D,2:22:02 AM,2:22:03 AM,
270,D,2:22:02 AM,2:22:03 AM,
270,C,2:22:14 AM,2:22:38 AM,
270,C,2:22:14 AM,2:22:38 AM,
270,C,2:22:14 AM,2:22:38 AM,
270,L,2:22:30 AM,2:22:31 AM,
270,L,2:22:30 AM,2:22:31 AM,
270,L,2:22:30 AM,2:22:31 AM,
270,F,2:22:56 AM,2:28:29 AM,
270,F,2:22:56 AM,2:28:29 AM,
270,D,2:23:23 AM,2:23:24 AM,
270,D,2:23:23 AM,2:23:24 AM,
270,D,2:23:23 AM,2:23:24 AM,
270,H,2:25:22 AM,2:25:46 AM,
270,H,2:25:22 AM,2:25:46 AM,
270,H,2:25:22 AM,2:25:46 AM,
270,G,2:25:47 AM,2:25:48 AM,
270,G,2:25:47 AM,2:25:48 AM,
270,G,2:25:47 AM,2:25:48 AM,
270,D,2:26:09 AM,2:26:11 AM,
270,D,2:26:09 AM,2:26:11 AM,
270,P,2:26:14 AM,2:26:15 AM,
270,P,2:26:14 AM,2:26:15 AM,
270,P,2:26:14 AM,2:26:15 AM,
270,I,2:26:35 AM,2:26:40 AM,
270,I,2:26:35 AM,2:26:40 AM,
270,I,2:26:35 AM,2:26:40 AM,
270,M,2:27:30 AM,2:27:42 AM,
270,M,2:27:30 AM,2:27:42 AM,
270,M,2:27:30 AM,2:27:42 AM,
270,D,2:27:41 AM,2:27:42 AM,
270,D,2:27:41 AM,2:27:42 AM,
270,J,2:28:47 AM,2:29:24 AM,
270,J,2:28:47 AM,2:29:24 AM,
270,J,2:28:47 AM,2:29:24 AM,
270,K,2:41:15 AM,2:44:37 AM,
270,K,2:41:16 AM,2:44:36 AM,
270,K,2:41:16 AM,2:44:36 AM,
301,A,1:09:11 AM,1:09:12 AM,
301,C,1:09:20 AM,1:09:26 AM,
301,D,1:22:19 AM,1:22:24 AM,
301,C,1:34:14 AM,1:34:29 AM,
301,B,1:49:04 AM,1:49:49 AM,
301,F,1:49:49 AM,1:56:26 AM,
301,M,1:53:24 AM,1:53:32 AM,
301,G,1:53:26 AM,1:53:27 AM,
301,H,1:54:03 AM,1:54:05 AM,
301,H,1:54:22 AM,1:54:30 AM,
301,I,1:54:35 AM,1:54:39 AM,
301,D,1:56:18 AM,1:56:20 AM,
301,J,1:56:26 AM,1:57:22 AM,
301,K,2:00:47 AM,2:03:30 AM,
302,A,4:54:57 PM,4:54:58 PM,
302,F,4:54:57 PM,5:01:13 PM,
302,L,4:56:38 PM,4:56:39 PM,
302,C,4:57:28 PM,4:57:29 PM,
302,G,4:58:21 PM,4:58:22 PM,
302,M,4:59:00 PM,4:59:04 PM,
302,H,4:59:33 PM,4:59:37 PM,
302,I,5:00:31 PM,5:00:33 PM,
302,J,5:01:21 PM,5:02:22 PM,
302,K,5:14:13 PM,5:16:39 PM,
304,A,9:08:00 PM,9:08:01 PM,
304,E,9:08:00 PM,9:08:01 PM,
304,F,9:08:00 PM,9:24:29 PM,
304,C,9:09:01 PM,9:09:08 PM,
304,C,9:13:33 PM,9:13:39 PM,
304,G,9:21:32 PM,9:21:33 PM,
304,I,9:22:25 PM,9:22:37 PM,
304,H,9:23:01 PM,9:23:21 PM,
304,D,9:23:41 PM,9:23:42 PM,
304,D,9:23:56 PM,9:24:01 PM,
304,J,9:24:32 PM,9:25:06 PM,
304,K,9:49:14 PM,9:50:44 PM,